{
  "GET Contact by ID - 2" : {
    "transaction" : "GET Contact by ID - 2",
    "sampleCount" : 4,
    "errorCount" : 0,
    "errorPct" : 0.0,
    "meanResTime" : 702.25,
    "medianResTime" : 705.0,
    "minResTime" : 632.0,
    "maxResTime" : 767.0,
    "pct1ResTime" : 767.0,
    "pct2ResTime" : 767.0,
    "pct3ResTime" : 767.0,
    "throughput" : 0.0962950480271552,
    "receivedKBytesPerSec" : 0.10170224066539878,
    "sentKBytesPerSec" : 0.07925063645008305
  },
  "GET Contact by ID - 1" : {
    "transaction" : "GET Contact by ID - 1",
    "sampleCount" : 4,
    "errorCount" : 0,
    "errorPct" : 0.0,
    "meanResTime" : 636.0,
    "medianResTime" : 631.5,
    "minResTime" : 628.0,
    "maxResTime" : 653.0,
    "pct1ResTime" : 653.0,
    "pct2ResTime" : 653.0,
    "pct3ResTime" : 653.0,
    "throughput" : 0.09684526547708398,
    "receivedKBytesPerSec" : 0.10230699797835509,
    "sentKBytesPerSec" : 0.07972710820037286
  },
  "GET Contact by ID - 4" : {
    "transaction" : "GET Contact by ID - 4",
    "sampleCount" : 3,
    "errorCount" : 0,
    "errorPct" : 0.0,
    "meanResTime" : 640.0,
    "medianResTime" : 634.0,
    "minResTime" : 633.0,
    "maxResTime" : 653.0,
    "pct1ResTime" : 653.0,
    "pct2ResTime" : 653.0,
    "pct3ResTime" : 653.0,
    "throughput" : 0.10565612453335212,
    "receivedKBytesPerSec" : 0.11232841885609636,
    "sentKBytesPerSec" : 0.08842509641121364
  },
  "UPDATE CONTACTS" : {
    "transaction" : "UPDATE CONTACTS",
    "sampleCount" : 18,
    "errorCount" : 0,
    "errorPct" : 0.0,
    "meanResTime" : 1371.722222222222,
    "medianResTime" : 1354.5,
    "minResTime" : 1281.0,
    "maxResTime" : 1539.0,
    "pct1ResTime" : 1485.0,
    "pct2ResTime" : 1539.0,
    "pct3ResTime" : 1539.0,
    "throughput" : 0.3824254270417269,
    "receivedKBytesPerSec" : 0.8218661032973571,
    "sentKBytesPerSec" : 0.5186146904478627
  },
  "GET Contact by ID - 3" : {
    "transaction" : "GET Contact by ID - 3",
    "sampleCount" : 4,
    "errorCount" : 0,
    "errorPct" : 0.0,
    "meanResTime" : 701.25,
    "medianResTime" : 714.0,
    "minResTime" : 633.0,
    "maxResTime" : 744.0,
    "pct1ResTime" : 744.0,
    "pct2ResTime" : 744.0,
    "pct3ResTime" : 744.0,
    "throughput" : 0.09440864783214142,
    "receivedKBytesPerSec" : 0.10035528629422455,
    "sentKBytesPerSec" : 0.07769813277396209
  },
  "DELETE CONTACT" : {
    "transaction" : "DELETE CONTACT",
    "sampleCount" : 17,
    "errorCount" : 0,
    "errorPct" : 0.0,
    "meanResTime" : 668.0,
    "medianResTime" : 653.0,
    "minResTime" : 631.0,
    "maxResTime" : 725.0,
    "pct1ResTime" : 717.8,
    "pct2ResTime" : 725.0,
    "pct3ResTime" : 725.0,
    "throughput" : 0.3885536661181203,
    "receivedKBytesPerSec" : 0.2868618863137685,
    "sentKBytesPerSec" : 0.19258048203510694
  },
  "GET Contact by ID - 5" : {
    "transaction" : "GET Contact by ID - 5",
    "sampleCount" : 3,
    "errorCount" : 0,
    "errorPct" : 0.0,
    "meanResTime" : 669.3333333333334,
    "medianResTime" : 684.0,
    "minResTime" : 633.0,
    "maxResTime" : 691.0,
    "pct1ResTime" : 691.0,
    "pct2ResTime" : 691.0,
    "pct3ResTime" : 691.0,
    "throughput" : 0.09806485355648535,
    "receivedKBytesPerSec" : 0.10326816447110355,
    "sentKBytesPerSec" : 0.08197608851987448
  },
  "PATCH Update Contact - 1" : {
    "transaction" : "PATCH Update Contact - 1",
    "sampleCount" : 4,
    "errorCount" : 0,
    "errorPct" : 0.0,
    "meanResTime" : 664.5,
    "medianResTime" : 664.5,
    "minResTime" : 639.0,
    "maxResTime" : 690.0,
    "pct1ResTime" : 690.0,
    "pct2ResTime" : 690.0,
    "pct3ResTime" : 690.0,
    "throughput" : 0.09665804799072082,
    "receivedKBytesPerSec" : 0.10392628011502307,
    "sentKBytesPerSec" : 0.05005168940144503
  },
  "POST Add Contacts - 2" : {
    "transaction" : "POST Add Contacts - 2",
    "sampleCount" : 23,
    "errorCount" : 0,
    "errorPct" : 0.0,
    "meanResTime" : 651.9130434782608,
    "medianResTime" : 637.0,
    "minResTime" : 624.0,
    "maxResTime" : 733.0,
    "pct1ResTime" : 714.2,
    "pct2ResTime" : 731.4,
    "pct3ResTime" : 733.0,
    "throughput" : 0.4061021258563458,
    "receivedKBytesPerSec" : 0.43132832363690937,
    "sentKBytesPerSec" : 0.29780017899392613
  },
  "POST Add Contacts - 1" : {
    "transaction" : "POST Add Contacts - 1",
    "sampleCount" : 25,
    "errorCount" : 0,
    "errorPct" : 0.0,
    "meanResTime" : 666.48,
    "medianResTime" : 643.0,
    "minResTime" : 624.0,
    "maxResTime" : 766.0,
    "pct1ResTime" : 749.2,
    "pct2ResTime" : 763.3,
    "pct3ResTime" : 766.0,
    "throughput" : 0.43428412604662475,
    "receivedKBytesPerSec" : 0.4617831326216864,
    "sentKBytesPerSec" : 0.3173497322638363
  },
  "POST Add Contacts - 4" : {
    "transaction" : "POST Add Contacts - 4",
    "sampleCount" : 20,
    "errorCount" : 0,
    "errorPct" : 0.0,
    "meanResTime" : 671.7,
    "medianResTime" : 651.5,
    "minResTime" : 632.0,
    "maxResTime" : 799.0,
    "pct1ResTime" : 741.5000000000001,
    "pct2ResTime" : 796.3,
    "pct3ResTime" : 799.0,
    "throughput" : 0.44167660439026546,
    "receivedKBytesPerSec" : 0.46906572976016964,
    "sentKBytesPerSec" : 0.3263187842299369
  },
  "POST Add Contacts - 3" : {
    "transaction" : "POST Add Contacts - 3",
    "sampleCount" : 20,
    "errorCount" : 0,
    "errorPct" : 0.0,
    "meanResTime" : 674.15,
    "medianResTime" : 660.0,
    "minResTime" : 634.0,
    "maxResTime" : 869.0,
    "pct1ResTime" : 724.5,
    "pct2ResTime" : 861.8,
    "pct3ResTime" : 869.0,
    "throughput" : 0.4458016628402024,
    "receivedKBytesPerSec" : 0.4740343169761273,
    "sentKBytesPerSec" : 0.32934468548692686
  },
  "POST Add Contacts - 5" : {
    "transaction" : "POST Add Contacts - 5",
    "sampleCount" : 20,
    "errorCount" : 0,
    "errorPct" : 0.0,
    "meanResTime" : 676.5499999999998,
    "medianResTime" : 664.0,
    "minResTime" : 629.0,
    "maxResTime" : 830.0,
    "pct1ResTime" : 758.6,
    "pct2ResTime" : 826.5999999999999,
    "pct3ResTime" : 830.0,
    "throughput" : 0.4218252378039778,
    "receivedKBytesPerSec" : 0.44814812129584713,
    "sentKBytesPerSec" : 0.3115698423955455
  },
  "POST Login User" : {
    "transaction" : "POST Login User",
    "sampleCount" : 5,
    "errorCount" : 0,
    "errorPct" : 0.0,
    "meanResTime" : 1937.6,
    "medianResTime" : 1932.0,
    "minResTime" : 1899.0,
    "maxResTime" : 1972.0,
    "pct1ResTime" : 1972.0,
    "pct2ResTime" : 1972.0,
    "pct3ResTime" : 1972.0,
    "throughput" : 0.5076142131979696,
    "receivedKBytesPerSec" : 0.6269828680203046,
    "sentKBytesPerSec" : 0.1397921954314721
  },
  "GET Contact - 2" : {
    "transaction" : "GET Contact - 2",
    "sampleCount" : 4,
    "errorCount" : 0,
    "errorPct" : 0.0,
    "meanResTime" : 7650.25,
    "medianResTime" : 7734.5,
    "minResTime" : 7222.0,
    "maxResTime" : 7910.0,
    "pct1ResTime" : 7910.0,
    "pct2ResTime" : 7910.0,
    "pct3ResTime" : 7910.0,
    "throughput" : 0.08195713641765356,
    "receivedKBytesPerSec" : 42.20664467483506,
    "sentKBytesPerSec" : 0.03067389895709544
  },
  "GET Contact - 1" : {
    "transaction" : "GET Contact - 1",
    "sampleCount" : 5,
    "errorCount" : 0,
    "errorPct" : 0.0,
    "meanResTime" : 7570.2,
    "medianResTime" : 7649.0,
    "minResTime" : 7247.0,
    "maxResTime" : 7695.0,
    "pct1ResTime" : 7695.0,
    "pct2ResTime" : 7695.0,
    "pct3ResTime" : 7695.0,
    "throughput" : 0.08061915511125443,
    "receivedKBytesPerSec" : 41.64933564777491,
    "sentKBytesPerSec" : 0.0295236163737504
  },
  "GET Contact - 4" : {
    "transaction" : "GET Contact - 4",
    "sampleCount" : 4,
    "errorCount" : 0,
    "errorPct" : 0.0,
    "meanResTime" : 7895.25,